Age_Group,Games_Attended
26-40,5.767092924126172
41-60,5.749216003040958
60+,5.690524485656331
18-25,5.681428070063491
<18,5.65984762979684
