Customer_Age_Group,Cap,Hoodie,Jersey,Mug,Poster,Scarf,Youth Hoodie,Youth Jersey
18-25,2.8473468801608384,16.8422847705895,66.24829467939972,1.5231205571910678,1.079916708551734,2.398219286278452,2.414374955123142,6.646442162705537
26-40,2.777158921597947,17.11555483299915,68.17507006455507,1.6491680900358803,1.032988045036673,2.59852692158189,1.816426517017207,4.835106607176189
41-60,3.0650287498079303,18.534008186503474,71.34897079500122,1.6116528857829109,1.1414430474218753,2.4353865829608434,0.5429941622351027,1.3205155902866432
60+,3.082777990128463,18.122746082129858,70.47679191664035,1.7366592990211556,1.0237149552124707,2.6855898825054427,0.7478437172818373,2.123876157080418
<18,1.7004716000957845,10.382425524588315,40.7749044628845,0.9202435775903868,0.7005725300365525,1.5832147571447512,12.002746877603645,31.935420670056065
