Metric,Value
Elasticity (Slope),-3.3890722776781574
Intercept,25.568733458547776
R-squared,0.5210952434806889
Adjusted R-squared,0.4678836038674321
P-value,0.01213424725911239
Standard Error,1.0829928690897401
Observations,11.0
