Month,Online,Team Store
1,46.651374473285784,0.0
2,44.92688781928699,0.0
3,44.90297036044155,0.0
4,45.502317810225684,0.0
5,43.88283102527261,0.0
6,45.557761112816785,0.0
7,44.551685228309644,0.0
8,45.30764265962423,0.0
9,43.8787032540068,0.0
10,42.92146354932689,0.0
11,44.4140127388535,0.0
12,44.30093889726484,0.0
