Month,Promo_Share_%
1,37.502589097014614
2,36.04119048331184
3,35.92158749996569
4,36.47848848295144
5,35.00236714681467
6,36.415899852023195
7,35.67694286544127
8,36.266686889608806
9,34.66738933362752
10,34.836378604587345
11,35.77732170343766
12,35.36199246935834
