Seasonal_Pass,Games_Attended
FALSE,4.4928506842807
TRUE,22.454411455043168
