Customer_Region,Cap,Hoodie,Jersey,Mug,Poster,Scarf,Youth Hoodie,Youth Jersey
Domestic,89.77043898509866,90.5175507860168,89.98630289120054,89.84824699110413,88.98718730933496,89.65517241379311,90.14147765551314,89.58458759783264
International,10.22956101490133,9.482449213983204,10.013697108799468,10.151753008895865,11.01281269066504,10.344827586206897,9.858522344486863,10.41541240216737
