,No_Pass_Mean,Pass_Mean,Lift_%
Purchase_Count,1.5248191027496383,1.5232177894048398,-0.1
Total_Spent,145.09628557645925,144.35546108567692,-0.5
Avg_Purchase,95.1247467438495,94.76765860039241,-0.4
