Age_Group,Fanbase_Count,Avg_Games_Attended,Fanbase_Domestic,Fanbase_International,Merch_Revenue_Total,Merch_Revenue_Domestic,Merch_Revenue_International
18-25,31343,5.681428070063491,28163,3180,2785400,2503471,281929
26-40,17595,5.767092924126172,15836,1759,1494693,1346683,148010
41-60,10523,5.749216003040958,9486,1037,865571,783606,81965
60+,3451,5.690524485656331,3096,355,300865,269463,31402
<18,7088,5.65984762979684,6393,695,1010602,909143,101459
