Age_Group,Merch_Revenue,Est_InStadium_Spend,Season_Pass_Count,Season_Pass_Scaled
18-25,0,6232555.0,2062,6232555.0
18–25,2785400,0.0,0,0.0
26-40,0,3551520.0,1234,3729860.7516973815
26–40,1494693,0.0,0,0.0
41-60,0,2117465.0,745,2251820.3079534434
41–60,865571,0.0,0,0.0
60+,300865,687330.0,246,743554.0882638216
<18,1010602,1404095.0,462,1396430.8486905918
